-- MySQL Script generated by MySQL Workbench
-- 04/16/15 14:58:53
-- Model: New Model    Version: 1.0
-- MySQL Workbench Forward Engineering

SET @OLD_UNIQUE_CHECKS=@@UNIQUE_CHECKS, UNIQUE_CHECKS=0;
SET @OLD_FOREIGN_KEY_CHECKS=@@FOREIGN_KEY_CHECKS, FOREIGN_KEY_CHECKS=0;
SET @OLD_SQL_MODE=@@SQL_MODE, SQL_MODE='TRADITIONAL,ALLOW_INVALID_DATES';

-- -----------------------------------------------------
-- Schema Manifest_Wizard
-- -----------------------------------------------------

-- -----------------------------------------------------
-- Schema Manifest_Wizard
-- -----------------------------------------------------
CREATE SCHEMA IF NOT EXISTS `Manifest_Wizard` DEFAULT CHARACTER SET utf8 COLLATE utf8_general_ci ;
USE `Manifest_Wizard` ;

-- -----------------------------------------------------
-- Table `Manifest_Wizard`.`Skydiver`
-- -----------------------------------------------------
DROP TABLE IF EXISTS `Manifest_Wizard`.`Skydiver` ;

CREATE TABLE IF NOT EXISTS `Manifest_Wizard`.`Skydiver` (
  `USPA_Num` INT NOT NULL,
  `Liscence_Num` VARCHAR(10) NULL,
  `Skydiver_DateBeganSport` DATE NOT NULL,
  `Skydiver_NumOfJumps` INT NOT NULL,
  `Skydiver_FName` CHAR(45) NOT NULL,
  `Skydiver_LName` CHAR(45) NOT NULL,
  `Skydiver_DOB` DATE NOT NULL,
  `Skydiver_ReserveRepackDate` DATE NULL,
  `Skydiver_DateOfLastJump` DATE NULL,
  `Skydiver_Type` CHAR(10) NOT NULL,
  `Skydiver_Password` VARCHAR(60),
  `Skydiver_Admin` CHAR(1),
  PRIMARY KEY (`USPA_Num`))
ENGINE = InnoDB;
SELECT  * FROM SKYDIVER WHERE (USPA_Num = 111111);
INSERT INTO SKYDIVER VALUE (111111,"B-41675","2014-04-01",169,"Grayson","Gist","2015-01-01","2015-01-01","2015-01-01","F","25d55ad283aa400af464c76d713c07ad", "Y");
INSERT INTO SKYDIVER VALUE (222222,"A-29486","2013-09-21",148,"Danny","Forero","2015-01-01","2015-01-01","2015-01-01","F","25d55ad283aa400af464c76d713c07ad", "N");
INSERT INTO SKYDIVER VALUE (333333,"C-83944","2004-07-03",630,"Joe","Graff","2015-01-01","2015-01-01","2015-01-01","F","25d55ad283aa400af464c76d713c07ad", "N");
INSERT INTO SKYDIVER VALUE (444444,"D-10293","2012-09-13",107,"Zach","White","2015-01-01","2015-01-01","2015-01-01","F","25d55ad283aa400af464c76d713c07ad", "N");
INSERT INTO SKYDIVER VALUE (555555,"B-03948","2012-08-20",88,"Chas","Ballard","2015-01-01","2015-01-01","2015-01-01","F","25d55ad283aa400af464c76d713c07ad", "N");
INSERT INTO SKYDIVER VALUE (666666,"C-14859","2009-06-18",285,"Ryan","Callaway","2015-01-01","2015-01-01","2015-01-01","F","25d55ad283aa400af464c76d713c07ad", "N");
INSERT INTO SKYDIVER VALUE (777777,"A-12345","2004-02-28",1805,"Cecil","Jolley","2015-01-01","2015-01-01","2015-01-01","F","25d55ad283aa400af464c76d713c07ad", "N");
INSERT INTO SKYDIVER VALUE (888888,"B-91829","2015-01-01",390,"Mike","Potts","2015-01-01","2015-01-01","2015-01-01","F","25d55ad283aa400af464c76d713c07ad", "N");
INSERT INTO SKYDIVER VALUE (999999,"D-10293","2015-01-01",243,"Hunter","Cordell","2015-01-01","2015-01-01","2015-01-01","F","25d55ad283aa400af464c76d713c07ad", "N");
INSERT INTO SKYDIVER VALUE (101010,"D-47395","2015-01-01",1923,"Matt","Schull","2015-01-01","2015-01-01","2015-01-01","F","25d55ad283aa400af464c76d713c07ad", "N");
INSERT INTO SKYDIVER VALUE (121212,"B-20492","2015-01-01",746,"Tyler","Grasmick","2015-01-01","2015-01-01","2015-01-01","F","25d55ad283aa400af464c76d713c07ad", "N");
INSERT INTO SKYDIVER VALUE (131313,"A-74859","2015-01-01",930,"John","Mahan","2015-01-01","2015-01-01","2015-01-01","F","25d55ad283aa400af464c76d713c07ad", "N");
INSERT INTO SKYDIVER VALUE (141414,"A-57395","2015-01-01",402,"Dennis","Cook","2015-01-01","2015-01-01","2015-01-01","F","25d55ad283aa400af464c76d713c07ad", "N");
INSERT INTO SKYDIVER VALUE (151515,"B-48392","2015-01-01",499,"Tyler","Lannom","2015-01-01","2015-01-01","2015-01-01","F","25d55ad283aa400af464c76d713c07ad", "N");
INSERT INTO SKYDIVER VALUE (161616,"C-85920","2015-01-01",324,"Sarah","Miller","2015-01-01","2015-01-01","2015-01-01","F","25d55ad283aa400af464c76d713c07ad", "N");



-- -----------------------------------------------------
-- Table `Manifest_Wizard`.`Student`
-- -----------------------------------------------------
DROP TABLE IF EXISTS `Manifest_Wizard`.`Student` ;

CREATE TABLE IF NOT EXISTS `Manifest_Wizard`.`Student` (
  `UPSA_Num` INT NOT NULL,
  `Student_Quiz` CHAR(1) NULL,
  `Student_Coach` CHAR(1) NULL,
  `Student_AFF` CHAR(1) NULL,
  `Student_Packing` CHAR(1) NULL,
  `Student_CheckJump` CHAR(1) NULL,
  PRIMARY KEY (`UPSA_Num`),
  CONSTRAINT `USPA_Num`
    FOREIGN KEY (`UPSA_Num`)
    REFERENCES `Manifest_Wizard`.`Skydiver` (`USPA_Num`)
    ON DELETE RESTRICT
    ON UPDATE RESTRICT)
ENGINE = InnoDB;


-- -----------------------------------------------------
-- Table `Manifest_Wizard`.`Instructor`
-- -----------------------------------------------------
DROP TABLE IF EXISTS `Manifest_Wizard`.`Instructor` ;

CREATE TABLE IF NOT EXISTS `Manifest_Wizard`.`Instructor` (
  `USPA_Num` INT NOT NULL,
  `Instructor_Rating` VARCHAR(45) NOT NULL,
  PRIMARY KEY (`USPA_Num`),
  CONSTRAINT `Instructor_USPA_Num`
    FOREIGN KEY (`USPA_Num`)
    REFERENCES `Manifest_Wizard`.`Skydiver` (`USPA_Num`)
    ON DELETE RESTRICT
    ON UPDATE RESTRICT)
ENGINE = InnoDB;


-- -----------------------------------------------------
-- Table `Manifest_Wizard`.`Load`
-- -----------------------------------------------------
DROP TABLE IF EXISTS `Manifest_Wizard`.`_Load` ;

CREATE TABLE IF NOT EXISTS `Manifest_Wizard`.`_Load` (
  `Load_Num` INT NOT NULL AUTO_INCREMENT PRIMARY KEY,
  `Load_Time` TIME NOT NULL,
  `Load_Capacity` INT NOT NULL
  )
ENGINE = InnoDB;

INSERT INTO _LOAD (Load_Time, Load_Capacity) VALUE ("16:30:00", 15);
INSERT INTO _LOAD (Load_Time, Load_Capacity) VALUE ("17:00:00", 15);
INSERT INTO _LOAD (Load_Time, Load_Capacity) VALUE ("17:30:00", 15);
INSERT INTO _LOAD (Load_Time, Load_Capacity) VALUE ("18:00:00", 15);
SELECT * FROM _LOAD;
SELECT  COUNT(*) FROM _Load;
SELECT  Load_Capacity FROM _Load WHERE (Load_Num = 2);
SELECT  Load_Capacity FROM _Load WHERE (Load_Num = 1);
-- DELETE FROM _LOAD WHERE (Load_Num = 1);
SELECT COUNT(*) FROM _Load WHERE (Load_Num = 4);
-- -----------------------------------------------------
-- Table `Manifest_Wizard`.`Instructor_Assignment`
-- -----------------------------------------------------
DROP TABLE IF EXISTS `Manifest_Wizard`.`Instructor_Assignment` ;

CREATE TABLE IF NOT EXISTS `Manifest_Wizard`.`Instructor_Assignment` (
  `Load_Num` INT NOT NULL,
  `USPA_Num` INT NOT NULL,
  PRIMARY KEY (`Load_Num`, `USPA_Num`),
  INDEX `USPA_Num_idx` (`USPA_Num` ASC),
  CONSTRAINT `Load_Num`
    FOREIGN KEY (`Load_Num`)
    REFERENCES `Manifest_Wizard`.`Load` (`Load_Num`)
    ON DELETE RESTRICT
    ON UPDATE CASCADE,
  CONSTRAINT `Instructor_Assignment_USPA_Num`
    FOREIGN KEY (`USPA_Num`)
    REFERENCES `Manifest_Wizard`.`Instructor` (`USPA_Num`)
    ON DELETE RESTRICT
    ON UPDATE RESTRICT)
ENGINE = InnoDB;


-- -----------------------------------------------------
-- Table `Manifest_Wizard`.`Load_Assignment`
-- -----------------------------------------------------
DROP TABLE IF EXISTS `Manifest_Wizard`.`Load_Assignment` ;

CREATE TABLE IF NOT EXISTS `Manifest_Wizard`.`Load_Assignment` (
  `Load_Num` INT NOT NULL,
  `USPA_Num` INT NOT NULL,
  `_Name` VARCHAR(25) NOT NULL,
  `Jump_Type` INT NOT NULL,
  `Group_Name` VARCHAR(20) NOT NULL,
  `Group_Size` INT NOT NULL,
  PRIMARY KEY (`Load_Num`, `USPA_Num`),
  INDEX `Jump_Number_idx` (`Jump_Type` DESC),
  CONSTRAINT `Load_Assignment_Load_Num`
    FOREIGN KEY (`Load_Num`)
    REFERENCES `Manifest_Wizard`.`_Load` (`Load_Num`)
    ON DELETE RESTRICT
    ON UPDATE RESTRICT,
  CONSTRAINT `Load_Assignment_USPA_Num`
    FOREIGN KEY (`USPA_Num`)
    REFERENCES `Manifest_Wizard`.`Skydiver` (`USPA_Num`)
    ON DELETE RESTRICT
    ON UPDATE RESTRICT)
ENGINE = InnoDB;

SELECT * FROM Load_Assignment;

INSERT INTO Load_Assignment (Load_Num, USPA_Num, _Name, Jump_Type, Group_Name, Group_Size) VALUES (1,111111, "Grayson Gist",2, "The Flyers",1);
INSERT INTO Load_Assignment (Load_Num, USPA_Num, _Name, Jump_Type, Group_Name, Group_Size) VALUES (1,222222, "Danny Forero",2, "The Flyers",1);
INSERT INTO Load_Assignment (Load_Num, USPA_Num, _Name, Jump_Type, Group_Name, Group_Size) VALUES (1,333333, "Joe Graff",5, "Tandem",1);
INSERT INTO Load_Assignment (Load_Num, USPA_Num, _Name, Jump_Type, Group_Name, Group_Size) VALUES (1,444444, "Zach White",3, "Student",1);
INSERT INTO Load_Assignment (Load_Num, USPA_Num, _Name, Jump_Type, Group_Name, Group_Size) VALUES (1,555555, "Chas Ballard",1, "RW1",1);
INSERT INTO Load_Assignment (Load_Num, USPA_Num, _Name, Jump_Type, Group_Name, Group_Size) VALUES (1,666666, "Ryan Callaway",1, "RW1",1);
INSERT INTO Load_Assignment (Load_Num, USPA_Num, _Name, Jump_Type, Group_Name, Group_Size) VALUES (1,777777, "Cecil Jolley",4, "AFF",1);
INSERT INTO Load_Assignment (Load_Num, USPA_Num, _Name, Jump_Type, Group_Name, Group_Size) VALUES (1,888888, "Mike Potts",7, "Winguit",1);
INSERT INTO Load_Assignment (Load_Num, USPA_Num, _Name, Jump_Type, Group_Name, Group_Size) VALUES (1,999999, "Hunter Cordell",0, "Hop",1);
INSERT INTO Load_Assignment (Load_Num, USPA_Num, _Name, Jump_Type, Group_Name, Group_Size) VALUES (1,101010, "Matt Schull",6, "Track",1);
INSERT INTO Load_Assignment (Load_Num, USPA_Num, _Name, Jump_Type, Group_Name, Group_Size) VALUES (1,121212, "Tyler Grasmick",8, "High Pull",1);
INSERT INTO Load_Assignment (Load_Num, USPA_Num, _Name, Jump_Type, Group_Name, Group_Size) VALUES (1,131313, "John Mahan",2, "SoloFF",1);
INSERT INTO Load_Assignment (Load_Num, USPA_Num, _Name, Jump_Type, Group_Name, Group_Size) VALUES (1,141414, "Dennis Cook",1, "RW2",1);
INSERT INTO Load_Assignment (Load_Num, USPA_Num, _Name, Jump_Type, Group_Name, Group_Size) VALUES (1,151515, "Tyler Lannom",1, "RW2",1);
INSERT INTO Load_Assignment (Load_Num, USPA_Num, _Name, Jump_Type, Group_Name, Group_Size) VALUES (1,161616, "Sarah Miller",1, "RW2",1);


SELECT * FROM LOAD_ASSIGNMENT WHERE Load_Num = 1;


SELECT * FROM Load_Assignment WHERE Load_Num = 1 ORDER BY Jump_Type DESC, Group_Name ASC;

-- -----------------------------------------------------
-- Table `Manifest_Wizard`.`Rigging`
-- -----------------------------------------------------
DROP TABLE IF EXISTS `Manifest_Wizard`.`Rigging` ;

CREATE TABLE IF NOT EXISTS `Manifest_Wizard`.`Rigging` (
  `Rigging_SerialNum` INT NOT NULL AUTO_INCREMENT PRIMARY KEY,
  `USPA_Num` INT NOT NULL,
  `Rigging_WorkDone` VARCHAR(45) NOT NULL,
  `Rigging_Container` VARCHAR(30),
  `Rigging_Main` VARCHAR(30),
  `Rigging_Reserve` VARCHAR(30),
  `Rigging_AAD` VARCHAR(30),
  CONSTRAINT `Rigging_USPA_Num`
    FOREIGN KEY (`USPA_Num`)
    REFERENCES `Manifest_Wizard`.`Skydiver` (`USPA_Num`)
    ON DELETE RESTRICT
    ON UPDATE RESTRICT)
ENGINE = InnoDB;

INSERT INTO RIGGING (USPA_Num, Rigging_WorkDone, Rigging_Container, Rigging_Main, Rigging_Reserve, Rigging_AAD ) 
VALUES (111111,"Reserve Rapack","102940","Sabre2 170","PISA TEMPO 176","Vigil II");

SELECT COUNT(*) FROM Rigging;
SELECT  * FROM Rigging WHERE (Rigging_SerialNum = 1);
             
SET SQL_MODE=@OLD_SQL_MODE;
SET FOREIGN_KEY_CHECKS=@OLD_FOREIGN_KEY_CHECKS;
SET UNIQUE_CHECKS=@OLD_UNIQUE_CHECKS;

SELECT * FROM Skydiver;